ticket_id,customer_id,ticket_date,issue_type,resolution_time_hrs,satisfaction_score
1,2,2025-09-12,login,45,5
2,3,2023-08-15,content,11,1
3,3,2024-12-20,login,11,5
4,4,2025-09-18,billing,1,5
5,6,2023-06-14,technical,2,4
6,6,2025-02-16,content,10,4
7,8,2024-01-06,content,8,2
8,8,2024-10-14,refund,1,4
9,8,2023-01-21,login,88,5
10,9,2023-05-19,content,23,4
11,9,2024-10-09,technical,1,3
12,9,2023-11-07,technical,3,5
13,10,2025-06-25,technical,2,1
14,12,2024-12-30,content,9,3
15,12,2023-10-15,refund,1,4
16,14,2024-01-29,billing,13,4
17,16,2024-01-04,content,1,4
18,16,2025-10-04,refund,3,2
19,16,2024-04-10,billing,22,4
20,16,2024-12-10,refund,9,5
21,16,2025-08-09,billing,7,5
22,17,2023-05-14,content,40,4
23,18,2023-09-15,refund,11,4
24,18,2023-10-05,billing,1,4
25,19,2025-10-22,refund,9,3
26,20,2023-11-05,refund,7,4
27,22,2025-03-07,login,23,1
28,23,2024-09-09,refund,56,4
29,23,2025-04-10,billing,1,3
30,24,2024-02-24,login,1,5
31,24,2024-10-13,billing,1,1
32,24,2024-05-01,technical,32,5
33,25,2025-03-20,technical,32,4
34,25,2023-04-24,technical,50,3
35,25,2023-06-11,login,1,1
36,26,2024-11-06,login,49,5
37,26,2023-11-29,content,1,5
38,26,2024-01-30,refund,1,4
39,27,2024-02-02,technical,6,5
40,27,2025-01-31,refund,6,3
41,27,2024-03-21,content,23,4
42,29,2025-10-03,technical,47,5
43,29,2025-09-23,content,14,4
44,31,2025-03-23,login,18,4
45,32,2025-02-26,login,65,3
46,33,2025-09-28,content,12,4
47,33,2024-02-08,technical,15,4
48,34,2025-08-27,refund,14,1
49,34,2024-09-08,login,11,3
50,35,2025-02-28,billing,18,1
51,36,2024-11-22,billing,7,3
52,37,2024-02-29,billing,27,2
53,38,2025-10-01,content,50,5
54,39,2025-09-17,content,79,3
55,39,2025-07-20,login,11,1
56,41,2023-01-27,refund,28,2
57,42,2025-11-07,refund,11,4
58,44,2025-03-22,billing,2,4
59,46,2023-04-23,login,1,4
60,46,2024-09-21,login,4,1
61,48,2024-10-27,refund,7,2
62,48,2025-09-20,refund,1,1
63,49,2024-02-28,content,1,4
64,51,2025-11-04,refund,4,4
65,51,2024-01-25,billing,38,2
66,52,2023-06-22,billing,41,1
67,53,2023-08-02,login,1,4
68,53,2024-03-06,login,1,4
69,54,2025-02-25,technical,1,4
70,54,2024-06-26,billing,62,3
71,55,2024-11-09,technical,7,4
72,56,2025-05-24,login,2,3
73,57,2025-06-20,login,3,3
74,57,2023-04-24,billing,15,4
75,61,2023-11-18,content,21,3
76,61,2024-01-30,billing,1,2
77,64,2023-05-23,login,28,4
78,64,2024-05-05,billing,1,4
79,65,2024-08-12,billing,1,5
80,66,2024-02-17,billing,6,5
81,66,2024-09-13,billing,1,5
82,68,2023-04-21,refund,6,5
83,68,2025-03-28,content,1,4
84,70,2024-02-09,refund,10,3
85,70,2025-04-29,refund,5,4
86,71,2024-06-12,refund,29,4
87,71,2024-07-04,content,10,1
88,71,2025-08-25,billing,17,3
89,71,2023-11-09,refund,10,1
90,72,2025-10-12,login,2,4
91,73,2024-08-08,billing,8,5
92,74,2024-08-12,content,6,5
93,76,2025-04-21,billing,3,3
94,76,2023-06-18,billing,9,5
95,76,2024-03-16,refund,10,5
96,79,2024-02-25,refund,11,1
97,79,2024-02-14,login,40,1
98,79,2023-08-12,login,9,5
99,80,2023-07-12,refund,28,5
100,81,2024-04-23,login,11,5
101,82,2023-11-10,login,1,4
102,83,2023-06-21,content,1,4
103,83,2023-03-28,content,21,5
104,83,2024-09-10,login,15,4
105,84,2023-12-21,content,18,4
106,84,2024-06-16,billing,62,3
107,85,2025-03-15,refund,1,5
108,86,2024-08-11,billing,7,5
109,86,2023-04-17,refund,16,4
110,86,2023-09-28,technical,42,5
111,87,2023-02-01,billing,1,4
112,88,2025-05-01,login,23,3
113,89,2024-02-28,content,35,1
114,91,2024-09-24,login,53,4
115,92,2024-08-19,login,3,4
116,93,2025-01-12,refund,3,4
117,93,2025-08-07,refund,2,4
118,93,2023-06-14,content,11,4
119,94,2024-02-13,refund,3,4
120,94,2024-03-16,content,1,3
121,95,2024-06-23,content,21,5
122,95,2024-10-18,billing,16,5
123,96,2023-11-01,technical,16,2
124,99,2025-08-19,refund,1,5
125,102,2023-06-01,billing,15,5
126,102,2023-08-17,content,50,3
127,102,2025-08-03,billing,48,5
128,102,2025-05-01,content,9,2
129,103,2025-08-16,refund,11,5
130,105,2025-05-15,billing,2,4
131,105,2023-09-07,login,3,5
132,106,2023-06-25,refund,2,1
133,108,2025-08-18,technical,6,2
134,108,2025-08-20,content,45,5
135,109,2025-06-12,login,11,1
136,111,2025-03-24,content,24,3
137,113,2025-11-02,billing,2,4
138,113,2023-03-06,technical,10,4
139,115,2023-01-04,refund,1,4
140,115,2024-10-27,technical,3,5
141,116,2025-09-28,technical,1,5
142,118,2023-06-12,refund,29,4
143,122,2024-10-30,login,1,5
144,123,2023-11-22,billing,5,5
145,123,2023-02-20,content,55,3
146,124,2023-04-19,refund,18,4
147,124,2025-05-27,technical,37,5
148,129,2024-02-21,technical,1,4
149,129,2025-10-11,refund,9,5
150,130,2023-06-08,refund,10,5
151,130,2025-04-18,content,13,2
152,132,2023-09-26,content,23,5
153,132,2023-09-09,content,15,4
154,132,2023-06-06,login,2,1
155,133,2025-07-01,login,4,5
156,134,2025-04-23,billing,6,1
157,134,2024-05-09,billing,3,5
158,135,2025-01-31,login,28,4
159,135,2023-09-20,login,13,1
160,135,2024-08-06,technical,14,4
161,136,2025-10-02,refund,5,4
162,136,2023-07-08,technical,1,5
163,136,2025-05-22,login,1,4
164,137,2024-05-11,billing,1,4
165,137,2024-10-04,billing,12,4
166,138,2025-05-14,login,53,5
167,138,2024-09-22,login,12,2
168,139,2024-07-31,content,7,4
169,139,2025-04-20,billing,2,5
170,140,2023-03-25,content,3,4
171,142,2024-07-19,technical,38,4
172,142,2023-03-07,technical,1,5
173,143,2023-07-14,billing,11,4
174,145,2025-03-27,technical,19,4
175,146,2023-03-15,technical,6,2
176,148,2024-04-18,login,2,1
177,148,2024-04-14,technical,21,2
178,148,2025-06-09,technical,7,4
179,149,2024-03-03,login,50,4
180,150,2025-01-12,refund,2,4
181,152,2024-09-07,content,12,4
182,152,2025-04-26,billing,21,3
183,152,2023-05-20,billing,37,4
184,153,2025-04-24,login,8,2
185,153,2025-08-16,billing,16,4
186,153,2024-06-29,billing,14,2
187,153,2023-05-06,refund,38,5
188,154,2023-04-30,technical,4,2
189,154,2023-11-22,refund,3,5
190,155,2024-07-04,billing,42,3
191,155,2025-05-16,refund,1,4
192,156,2024-07-29,technical,1,4
193,156,2023-12-14,login,22,4
194,157,2024-02-08,billing,31,3
195,158,2025-08-21,technical,1,5
196,159,2023-12-29,refund,124,1
197,160,2024-07-17,login,9,1
198,160,2025-10-10,billing,5,4
199,161,2023-10-25,login,27,4
200,161,2025-08-31,refund,21,1
201,164,2023-06-23,content,16,1
202,164,2025-02-15,refund,2,5
203,164,2025-01-25,technical,10,4
204,165,2024-06-22,refund,41,5
205,166,2024-07-10,billing,43,4
206,167,2023-09-09,refund,3,3
207,168,2023-02-23,login,1,3
208,169,2024-11-29,content,1,4
209,169,2023-08-11,billing,17,4
210,172,2024-01-21,refund,9,4
211,172,2025-06-23,content,8,4
212,177,2025-06-03,technical,1,2
213,177,2025-06-26,technical,20,2
214,177,2024-11-20,login,17,5
215,177,2024-08-10,billing,38,4
216,178,2024-04-28,refund,5,1
217,178,2023-04-01,login,3,4
218,178,2023-10-21,billing,8,2
219,178,2023-11-12,refund,17,4
220,181,2025-10-20,refund,10,4
221,181,2024-08-09,content,3,4
222,182,2023-02-26,refund,5,4
223,182,2024-08-19,login,27,3
224,182,2023-05-21,login,48,1
225,184,2025-09-18,content,6,4
226,187,2025-06-22,login,5,2
227,188,2023-12-22,refund,21,4
228,188,2025-05-22,technical,14,5
229,189,2025-11-01,technical,7,5
230,189,2023-02-27,technical,43,3
231,191,2024-07-30,technical,26,3
232,192,2025-04-12,refund,9,5
233,193,2025-02-13,content,8,2
234,195,2024-02-11,refund,49,3
235,195,2024-03-28,technical,17,5
236,195,2024-12-16,content,8,4
237,198,2025-02-01,login,51,2
238,198,2023-12-02,technical,5,4
239,199,2023-11-05,login,14,1
240,202,2024-01-17,billing,1,5
241,202,2024-12-16,refund,8,2
242,203,2024-12-05,billing,26,4
243,206,2023-10-27,content,13,4
244,207,2023-09-18,login,31,5
245,210,2024-03-18,technical,12,4
246,211,2024-06-28,content,68,4
247,211,2025-06-01,content,3,1
248,213,2023-02-19,refund,14,1
249,214,2024-07-11,technical,16,2
250,215,2025-09-16,refund,31,2
251,215,2024-02-06,technical,30,5
252,215,2023-03-16,refund,6,3
253,215,2023-07-29,login,26,3
254,216,2023-07-15,billing,5,4
255,216,2024-06-23,billing,1,1
256,217,2025-07-11,technical,14,4
257,218,2025-03-18,billing,10,5
258,218,2024-09-10,refund,16,2
259,222,2024-04-12,content,27,4
260,223,2024-06-17,content,13,4
261,224,2025-06-23,refund,1,4
262,224,2024-11-13,content,1,4
263,225,2024-03-13,technical,9,4
264,225,2023-02-27,billing,44,3
265,225,2025-06-28,refund,6,2
266,226,2025-09-01,login,24,3
267,226,2023-12-31,content,7,1
268,228,2024-05-21,refund,32,4
269,228,2023-02-28,refund,14,3
270,228,2024-02-27,login,20,4
271,228,2023-07-10,login,1,5
272,228,2025-11-08,technical,3,4
273,229,2025-07-22,refund,101,3
274,229,2024-12-02,billing,110,4
275,229,2025-01-11,technical,43,4
276,229,2024-11-23,content,49,3
277,230,2023-01-01,technical,35,4
278,230,2024-05-31,login,52,4
279,232,2023-02-27,billing,1,5
280,233,2025-02-24,content,4,2
281,234,2024-06-05,refund,73,4
282,234,2025-04-02,content,8,1
283,234,2023-05-28,billing,47,3
284,235,2024-06-25,content,19,3
285,238,2023-08-11,technical,100,5
286,238,2025-08-27,refund,20,4
287,241,2025-10-14,content,4,5
288,242,2024-03-29,login,24,5
289,243,2025-02-25,billing,20,4
290,244,2025-03-12,content,14,4
291,244,2024-04-15,refund,8,3
292,244,2025-07-10,content,31,5
293,245,2024-07-10,refund,37,2
294,246,2025-07-01,content,7,4
295,247,2023-04-15,billing,6,3
296,248,2023-03-29,login,23,2
297,249,2024-05-19,billing,3,3
298,250,2025-04-27,refund,18,3
299,252,2025-09-23,content,20,5
300,252,2024-04-11,login,1,4
301,252,2025-03-01,technical,1,3
302,253,2023-08-11,login,23,4
303,253,2024-05-11,login,8,3
304,257,2025-05-17,login,1,4
305,259,2023-02-01,content,17,3
306,260,2024-07-17,login,1,3
307,260,2023-09-14,content,7,1
308,262,2023-11-28,billing,14,5
309,263,2025-08-30,refund,9,5
310,263,2023-02-28,login,6,3
311,264,2024-09-04,content,17,4
312,266,2025-07-09,refund,26,1
313,267,2025-03-15,content,32,4
314,268,2023-12-04,technical,2,4
315,268,2025-09-04,content,17,4
316,269,2024-10-27,login,12,4
317,269,2023-07-02,billing,19,5
318,270,2023-01-23,refund,54,4
319,270,2024-12-31,refund,24,3
320,271,2025-08-23,technical,8,3
321,271,2025-02-25,refund,16,4
322,271,2024-02-08,billing,5,4
323,272,2024-03-17,technical,9,3
324,274,2023-07-04,billing,24,3
325,274,2023-06-07,billing,23,5
326,274,2023-01-04,technical,35,5
327,275,2023-01-28,refund,12,5
328,275,2023-08-19,billing,4,4
329,275,2024-10-23,content,5,2
330,276,2024-06-07,login,3,4
331,277,2025-05-30,refund,1,3
332,277,2025-08-01,technical,33,3
333,277,2025-05-30,technical,16,3
334,277,2023-08-10,refund,22,5
335,279,2023-04-14,technical,4,4
336,284,2023-09-30,technical,21,3
337,285,2024-10-13,technical,36,4
338,285,2023-05-08,technical,1,4
339,286,2024-03-24,refund,16,4
340,288,2023-09-26,login,8,1
341,289,2024-11-06,login,15,2
342,289,2023-01-21,billing,5,3
343,290,2024-09-01,content,15,3
344,291,2025-07-16,billing,2,3
345,292,2024-05-10,content,1,4
346,294,2025-05-19,technical,13,1
347,295,2023-04-14,content,3,5
348,295,2025-10-26,login,26,4
349,297,2024-03-04,refund,5,5
350,297,2024-02-03,refund,20,3
351,297,2024-02-19,billing,40,1
352,299,2024-06-08,login,11,5
353,299,2023-10-22,content,2,1
354,300,2025-03-24,technical,1,4
355,300,2023-12-01,login,18,5
356,301,2024-08-22,login,1,5
357,301,2024-12-13,content,14,4
358,302,2024-04-14,billing,108,2
359,303,2023-10-16,technical,5,2
360,303,2023-09-05,technical,3,3
361,305,2023-03-28,refund,1,1
362,305,2025-05-24,login,1,2
363,306,2023-12-11,content,1,3
364,306,2023-06-06,login,26,5
365,307,2023-07-04,billing,8,4
366,308,2023-05-27,login,39,1
367,309,2024-02-14,content,19,2
368,310,2025-07-21,refund,16,4
369,310,2024-09-18,content,1,4
370,312,2023-02-06,content,40,1
371,313,2025-10-29,billing,5,4
372,316,2025-02-17,refund,22,4
373,318,2025-11-05,technical,20,1
374,319,2025-09-10,refund,17,3
375,319,2023-07-21,refund,8,3
376,320,2023-10-27,technical,1,3
377,322,2023-05-21,login,6,3
378,322,2025-04-20,content,9,4
379,323,2025-07-21,login,4,4
380,323,2025-10-06,login,27,3
381,327,2023-03-15,technical,11,5
382,329,2023-03-18,billing,3,4
383,329,2024-12-31,refund,64,5
384,329,2025-07-26,refund,31,3
385,330,2023-09-08,technical,18,2
386,330,2025-02-26,refund,22,1
387,330,2025-02-13,login,8,4
388,332,2024-05-27,billing,11,5
389,333,2025-10-10,billing,2,5
390,335,2024-12-25,refund,11,4
391,336,2023-04-11,technical,6,4
392,338,2023-07-14,content,6,5
393,338,2024-03-07,refund,21,2
394,340,2025-07-29,content,3,1
395,340,2024-08-07,login,4,1
396,342,2023-11-15,refund,4,5
397,342,2023-01-13,billing,8,4
398,344,2023-09-16,billing,1,5
399,349,2025-01-20,billing,15,4
400,350,2025-04-19,login,7,5
401,351,2023-04-30,login,28,3
402,351,2025-06-16,technical,19,3
403,351,2025-02-13,technical,13,4
404,353,2024-11-01,content,15,4
405,353,2025-08-04,technical,17,4
406,354,2024-01-07,content,20,4
407,354,2024-07-01,refund,33,4
408,354,2023-08-07,content,11,3
409,354,2024-04-12,technical,1,5
410,355,2024-09-09,billing,3,4
411,355,2023-01-09,refund,24,5
412,356,2024-12-05,login,62,3
413,358,2023-11-20,login,15,3
414,359,2025-08-04,login,8,5
415,359,2023-04-08,refund,5,5
416,360,2024-08-22,technical,1,5
417,362,2025-06-06,login,4,3
418,363,2025-10-01,billing,37,2
419,364,2024-10-25,billing,1,5
420,364,2023-04-23,content,3,5
421,365,2025-03-23,content,25,4
422,366,2024-03-17,technical,7,4
423,366,2023-12-21,login,14,3
424,366,2023-09-13,content,26,4
425,367,2025-03-01,billing,2,4
426,367,2023-03-24,refund,1,4
427,368,2025-03-21,refund,1,3
428,368,2023-06-14,billing,27,1
429,369,2024-04-20,login,10,5
430,370,2024-08-11,technical,24,3
431,370,2024-07-28,login,13,2
432,371,2025-02-24,login,11,3
433,371,2023-07-22,billing,5,5
434,371,2025-10-03,refund,1,5
435,372,2024-11-26,login,23,4
436,373,2023-05-18,refund,5,4
437,373,2025-02-15,content,9,5
438,375,2025-05-24,login,1,3
439,375,2025-03-22,content,8,4
440,376,2023-03-11,technical,33,1
441,379,2025-06-06,content,17,4
442,379,2025-10-15,login,1,2
443,379,2025-07-02,technical,17,4
444,380,2025-06-11,technical,7,5
445,380,2023-02-15,technical,1,3
446,380,2025-04-23,billing,25,3
447,382,2024-11-25,refund,22,5
448,384,2023-01-27,content,5,4
449,385,2024-02-19,technical,38,1
450,385,2025-11-07,content,25,4
451,386,2024-02-07,login,11,2
452,388,2023-06-14,login,6,1
453,390,2023-10-08,billing,15,5
454,391,2024-02-24,login,48,2
455,393,2025-06-03,technical,11,4
456,393,2024-10-22,technical,13,4
457,394,2023-03-10,refund,4,4
458,395,2024-01-09,billing,5,4
459,395,2025-07-24,login,5,3
460,395,2024-10-06,refund,27,5
461,395,2025-09-22,billing,9,4
462,395,2024-03-06,refund,21,3
463,399,2024-11-04,refund,35,5
464,399,2023-09-09,billing,16,4
465,399,2023-07-04,refund,1,5
466,401,2025-08-29,billing,76,3
467,402,2024-08-27,login,4,4
468,402,2023-10-03,login,13,3
469,404,2023-01-05,billing,16,2
470,405,2023-05-21,technical,8,4
471,406,2023-07-15,refund,13,4
472,408,2023-07-07,refund,10,4
473,409,2025-08-14,content,1,3
474,410,2025-09-05,technical,6,5
475,411,2025-07-25,login,6,5
476,411,2024-06-23,technical,15,3
477,412,2023-02-01,technical,18,2
478,412,2025-06-01,login,1,5
479,413,2024-06-09,login,13,1
480,413,2023-01-27,refund,2,3
481,413,2024-12-09,technical,62,2
482,413,2023-06-17,refund,13,3
483,414,2024-10-11,billing,70,3
484,414,2024-12-26,billing,7,1
485,417,2025-01-19,content,21,2
486,417,2025-05-31,content,1,5
487,417,2024-11-27,content,10,3
488,418,2025-03-14,refund,19,5
489,418,2024-01-25,refund,8,1
490,418,2023-06-11,refund,8,3
491,420,2024-09-17,content,11,4
492,421,2025-08-29,technical,52,4
493,422,2023-05-06,login,8,3
494,423,2025-01-11,login,2,4
495,423,2025-07-27,technical,31,3
496,423,2025-02-09,technical,13,5
497,424,2023-01-28,refund,59,1
498,424,2023-02-01,technical,37,4
499,424,2024-10-19,billing,26,4
500,425,2024-08-14,refund,69,3
501,425,2025-08-21,login,9,3
502,426,2024-03-11,content,3,5
503,426,2023-08-26,billing,1,4
504,427,2024-04-24,login,10,5
505,427,2024-10-21,content,41,4
506,430,2024-07-15,technical,21,5
507,431,2024-12-06,refund,6,3
508,432,2025-04-19,technical,2,3
509,433,2023-10-28,login,36,5
510,434,2023-01-23,billing,138,1
511,434,2025-06-05,login,6,1
512,435,2023-03-13,login,23,2
513,435,2025-07-12,technical,8,5
514,436,2025-10-27,refund,1,4
515,437,2024-05-13,login,3,5
516,437,2025-05-31,refund,7,3
517,437,2023-11-05,content,12,3
518,438,2025-11-07,technical,29,5
519,439,2025-11-05,technical,4,1
520,442,2023-08-04,refund,32,4
521,443,2024-03-29,content,9,4
522,443,2024-05-19,content,20,3
523,444,2025-08-12,login,12,3
524,444,2023-05-28,technical,1,5
525,444,2025-04-30,content,30,4
526,445,2024-04-23,technical,13,3
527,445,2024-02-08,content,2,5
528,445,2025-08-10,content,26,5
529,446,2023-03-15,billing,6,2
530,446,2025-01-12,billing,9,2
531,447,2025-09-17,refund,1,5
532,449,2023-04-17,content,3,5
533,449,2023-04-14,content,3,2
534,450,2023-09-18,login,22,4
535,451,2025-07-27,billing,8,5
536,452,2023-06-21,login,35,4
537,452,2025-10-05,login,4,4
538,453,2025-08-27,refund,8,5
539,455,2023-04-01,technical,18,5
540,455,2025-07-21,login,8,2
541,456,2024-06-30,billing,4,4
542,456,2025-08-14,login,18,1
543,457,2024-10-06,billing,16,5
544,457,2025-03-09,content,6,2
545,458,2024-06-05,technical,14,3
546,458,2025-09-06,login,3,4
547,458,2024-06-29,content,3,4
548,458,2024-12-06,content,10,2
549,458,2024-06-27,refund,1,4
550,460,2025-09-03,billing,2,4
551,461,2025-09-24,login,5,3
552,462,2024-02-07,technical,1,4
553,463,2025-07-01,technical,40,1
554,463,2023-11-17,login,5,5
555,464,2024-01-14,billing,86,4
556,466,2025-08-23,login,1,1
557,466,2024-01-29,technical,4,4
558,467,2024-03-25,billing,40,4
559,468,2024-01-17,refund,40,5
560,469,2024-10-03,technical,8,4
561,472,2024-04-23,login,5,1
562,474,2025-08-14,technical,11,2
563,474,2023-04-27,login,1,4
564,475,2025-07-06,login,5,4
565,476,2023-12-25,refund,28,5
566,477,2023-08-30,login,12,5
567,478,2023-04-21,content,56,1
568,479,2024-04-16,billing,61,3
569,479,2023-06-11,content,1,4
570,480,2025-09-20,content,15,2
571,481,2025-02-08,login,10,5
572,482,2024-10-13,technical,11,4
573,482,2023-12-29,content,29,4
574,483,2024-07-23,content,1,1
575,483,2023-11-15,technical,13,3
576,484,2024-07-29,technical,50,5
577,486,2024-07-28,refund,38,3
578,487,2025-03-13,refund,1,4
579,487,2024-01-06,billing,31,5
580,487,2023-08-10,billing,37,4
581,487,2025-04-24,billing,1,5
582,487,2023-01-03,refund,9,3
583,488,2025-07-24,technical,12,4
584,489,2024-12-22,refund,21,4
585,489,2023-01-20,technical,10,3
586,489,2025-04-29,technical,24,3
587,490,2023-08-23,login,18,4
588,491,2024-09-14,content,9,1
589,491,2025-05-02,technical,37,4
590,492,2025-03-02,technical,15,4
591,495,2023-08-28,technical,4,5
592,495,2023-03-03,billing,12,3
593,495,2024-11-03,billing,22,5
594,496,2023-11-26,technical,10,4
595,498,2024-01-04,content,7,3
596,498,2023-03-01,content,4,3
597,499,2023-12-06,login,31,4
598,504,2025-10-10,billing,64,4
599,504,2023-03-07,technical,22,5
600,505,2025-04-24,billing,1,3
601,506,2024-08-29,technical,51,4
602,507,2024-08-25,login,9,5
603,507,2023-10-25,content,16,4
604,508,2023-08-03,refund,45,3
605,509,2024-04-03,technical,8,1
606,510,2023-01-31,content,24,1
607,513,2023-07-20,login,21,5
608,514,2023-05-26,billing,26,4
609,514,2025-04-03,technical,13,4
610,515,2023-12-15,content,6,2
611,515,2025-05-29,login,13,4
612,516,2024-01-31,login,34,4
613,516,2025-02-24,login,6,2
614,517,2025-04-06,technical,29,5
615,517,2024-05-18,billing,8,3
616,518,2023-06-06,content,2,5
617,521,2024-06-29,login,4,5
618,522,2024-02-20,billing,26,2
619,522,2024-10-27,billing,3,5
620,522,2023-05-12,content,32,5
621,524,2023-05-13,refund,24,4
622,524,2024-02-20,login,12,4
623,524,2024-08-28,refund,29,3
624,524,2023-05-24,content,6,4
625,525,2024-04-28,content,15,3
626,525,2023-04-07,refund,9,4
627,525,2024-09-23,billing,19,5
628,526,2023-03-11,login,18,2
629,527,2023-04-16,login,1,4
630,527,2024-04-30,login,14,2
631,530,2023-11-30,refund,20,3
632,530,2023-06-29,content,38,3
633,530,2023-06-28,login,26,4
634,531,2025-07-05,technical,8,1
635,531,2025-10-28,technical,3,2
636,532,2024-08-05,login,56,3
637,533,2024-07-07,billing,32,4
638,534,2024-03-05,content,31,5
639,535,2025-01-04,refund,17,5
640,535,2023-04-30,refund,10,3
641,536,2023-11-30,login,6,4
642,537,2025-10-24,content,1,4
643,537,2024-12-14,login,1,5
644,537,2024-05-14,content,5,2
645,538,2023-12-16,login,36,2
646,538,2024-02-18,refund,31,3
647,538,2024-09-27,technical,18,5
648,541,2024-02-06,billing,6,4
649,541,2025-08-14,content,3,4
650,542,2024-11-24,content,1,4
651,542,2025-10-21,login,12,2
652,542,2024-12-26,login,42,5
653,543,2025-03-17,billing,40,5
654,544,2024-10-01,billing,10,2
655,545,2024-06-06,content,1,1
656,546,2023-07-21,content,8,5
657,546,2024-04-13,login,19,5
658,546,2023-05-10,login,1,3
659,547,2024-06-15,billing,49,3
660,548,2023-06-13,content,14,4
661,548,2024-07-22,billing,1,4
662,549,2025-07-25,technical,1,5
663,549,2023-07-01,billing,10,3
664,550,2024-02-11,refund,4,4
665,552,2025-02-07,billing,24,5
666,552,2025-06-21,content,6,1
667,552,2024-07-06,technical,1,3
668,553,2023-12-17,content,36,3
669,554,2023-07-19,billing,10,4
670,554,2024-12-27,login,6,3
671,555,2025-10-04,technical,44,5
672,557,2024-09-07,refund,36,5
673,557,2023-04-22,content,34,5
674,557,2025-07-03,refund,1,4
675,559,2023-02-12,billing,4,2
676,559,2024-03-04,login,5,3
677,561,2025-09-07,technical,25,3
678,562,2023-12-12,content,6,5
679,565,2024-03-16,content,58,5
680,566,2025-10-25,content,5,1
681,566,2023-09-07,login,58,4
682,566,2024-10-28,technical,25,4
683,566,2023-02-17,content,4,3
684,567,2023-06-20,login,34,3
685,567,2023-07-05,billing,8,5
686,569,2025-10-09,content,17,4
687,570,2024-11-15,technical,28,4
688,571,2024-08-17,technical,2,4
689,572,2024-01-08,billing,52,1
690,572,2023-01-07,refund,72,4
691,573,2025-04-08,login,31,4
692,573,2025-10-18,login,3,4
693,576,2024-06-08,refund,14,5
694,576,2025-07-04,refund,9,5
695,576,2024-03-12,login,6,4
696,576,2023-08-03,refund,17,4
697,578,2025-10-30,content,8,5
698,578,2025-09-08,content,14,4
699,580,2025-06-06,technical,5,3
700,580,2023-11-02,technical,1,4
701,582,2023-06-11,technical,31,4
702,583,2025-04-08,billing,14,3
703,584,2024-04-09,login,12,5
704,584,2023-12-04,content,5,4
705,585,2023-01-31,content,6,4
706,588,2024-04-15,refund,64,4
707,588,2023-08-13,login,1,3
708,589,2024-04-08,content,2,2
709,590,2024-08-16,login,14,4
710,591,2025-02-28,refund,37,5
711,591,2024-01-18,content,16,4
712,592,2023-01-17,billing,15,3
713,593,2023-12-04,content,53,2
714,593,2023-04-01,billing,1,2
715,593,2024-11-15,login,15,5
716,594,2025-03-15,content,11,2
717,595,2025-07-16,billing,6,4
718,595,2024-01-26,billing,28,2
719,596,2024-11-27,technical,28,2
720,599,2024-11-26,refund,8,3
721,600,2025-05-23,login,3,4
722,600,2025-09-08,content,3,3
723,604,2024-02-05,login,1,3
724,604,2025-11-05,content,13,4
725,605,2025-09-21,billing,12,2
726,606,2023-06-06,refund,17,3
727,606,2025-03-15,technical,12,1
728,607,2025-02-05,refund,1,2
729,607,2025-01-21,billing,18,4
730,608,2025-03-13,billing,13,4
731,608,2023-02-03,refund,64,4
732,609,2025-10-17,refund,1,5
733,610,2023-01-13,login,18,2
734,611,2025-07-20,billing,7,3
735,611,2025-06-13,login,10,4
736,611,2024-09-10,content,1,4
737,611,2024-01-08,content,1,3
738,612,2025-11-01,technical,2,2
739,612,2024-06-18,content,1,3
740,612,2025-04-14,technical,27,4
741,612,2024-02-25,refund,28,4
742,612,2025-06-25,login,6,1
743,613,2025-11-15,billing,5,4
744,613,2024-01-12,login,69,1
745,613,2024-04-07,content,15,4
746,613,2023-11-25,content,4,5
747,614,2024-03-07,refund,3,5
748,615,2024-11-06,content,12,1
749,617,2025-02-21,login,40,3
750,618,2023-11-02,content,4,3
751,618,2023-01-20,login,15,1
752,619,2023-05-24,billing,55,5
753,619,2025-07-29,content,1,4
754,620,2024-04-01,refund,60,4
755,620,2023-09-18,refund,7,3
756,621,2023-12-24,technical,1,3
757,621,2023-04-15,technical,10,3
758,622,2024-07-16,refund,11,4
759,622,2025-02-16,login,18,5
760,623,2024-02-19,billing,1,3
761,624,2023-11-11,billing,2,5
762,624,2023-03-27,content,9,2
763,625,2023-02-19,technical,13,5
764,627,2024-01-31,technical,19,2
765,627,2024-03-28,billing,1,4
766,627,2023-12-29,content,8,4
767,629,2023-04-24,refund,1,5
768,629,2023-06-23,content,15,5
769,629,2023-02-11,technical,7,5
770,629,2025-07-20,refund,31,2
771,631,2025-11-05,content,33,4
772,631,2024-03-07,login,20,4
773,631,2024-01-29,technical,2,3
774,631,2024-08-09,content,51,4
775,633,2024-06-25,technical,21,2
776,635,2025-09-10,refund,1,3
777,636,2023-04-08,billing,1,2
778,637,2023-06-03,login,18,4
779,637,2023-12-24,refund,51,3
780,639,2023-03-28,technical,45,4
781,642,2024-07-26,login,48,4
782,642,2024-06-23,content,20,4
783,643,2024-10-22,technical,21,5
784,644,2025-01-23,technical,14,5
785,645,2023-08-14,billing,6,2
786,649,2024-02-13,login,4,4
787,651,2025-02-06,content,15,4
788,651,2025-08-16,billing,12,5
789,651,2024-05-19,content,43,3
790,653,2023-10-29,billing,9,2
791,653,2023-01-31,refund,4,5
792,653,2024-12-07,login,73,3
793,657,2025-10-24,technical,4,4
794,657,2025-11-01,login,8,5
795,658,2025-01-02,technical,8,4
796,658,2025-03-27,technical,23,5
797,658,2024-03-22,login,35,1
798,659,2023-05-22,content,4,3
799,659,2023-02-08,technical,6,3
800,662,2025-04-24,technical,5,5
801,663,2025-05-20,content,7,3
802,664,2024-04-14,billing,12,1
803,665,2024-03-21,technical,7,3
804,665,2025-06-20,billing,7,4
805,666,2025-02-24,refund,6,5
806,666,2023-03-30,refund,27,5
807,666,2024-07-09,login,42,4
808,667,2025-08-22,billing,10,2
809,667,2025-10-02,billing,8,1
810,667,2025-03-16,content,2,5
811,668,2025-06-08,billing,7,4
812,668,2025-01-25,login,3,4
813,668,2025-10-30,technical,12,4
814,670,2023-04-23,technical,34,5
815,671,2025-01-24,technical,9,5
816,672,2025-04-27,technical,28,4
817,672,2023-12-13,technical,48,4
818,672,2025-05-21,refund,3,2
819,672,2024-05-08,technical,15,3
820,673,2025-06-01,billing,12,3
821,673,2023-07-22,login,29,5
822,673,2025-08-17,technical,7,4
823,675,2023-09-11,content,10,2
824,678,2024-08-01,content,38,4
825,678,2023-11-10,billing,51,4
826,679,2024-02-29,login,14,5
827,679,2025-09-28,billing,40,4
828,680,2025-04-01,refund,1,5
829,681,2025-02-14,refund,6,4
830,682,2024-04-06,login,39,2
831,683,2025-08-30,technical,10,1
832,683,2023-04-02,billing,9,5
833,684,2024-08-22,billing,32,2
834,684,2024-01-31,billing,1,4
835,685,2024-02-03,login,9,4
836,686,2024-04-01,billing,23,2
837,688,2023-08-31,refund,9,4
838,688,2025-06-02,login,6,4
839,690,2023-06-19,billing,24,4
840,690,2025-10-24,content,3,4
841,691,2023-06-03,technical,7,4
842,692,2025-07-28,refund,7,2
843,693,2023-04-04,billing,23,5
844,696,2024-06-12,billing,15,4
845,697,2025-07-11,technical,56,2
846,697,2025-03-22,billing,46,3
847,699,2023-06-29,login,1,1
848,700,2023-04-13,refund,47,4
849,700,2023-05-07,login,1,2
850,701,2024-06-09,technical,52,4
851,701,2025-08-15,content,2,1
852,702,2024-06-24,refund,7,3
853,704,2024-01-13,technical,4,5
854,704,2024-07-22,billing,7,4
855,707,2023-10-05,technical,17,3
856,707,2024-07-11,technical,1,4
857,707,2024-02-09,refund,7,3
858,707,2023-06-28,login,3,3
859,708,2024-03-30,content,19,3
860,710,2024-01-12,billing,4,4
861,711,2023-11-16,content,1,3
862,712,2023-10-28,refund,57,5
863,712,2024-07-28,login,29,5
864,713,2023-07-07,content,18,4
865,714,2024-11-20,content,16,5
866,714,2023-05-08,billing,3,4
867,717,2023-11-21,content,14,4
868,717,2024-03-14,technical,5,4
869,718,2023-08-19,refund,39,1
870,718,2024-05-07,content,5,4
871,720,2023-06-11,billing,9,4
872,720,2025-05-04,technical,33,4
873,720,2025-03-24,login,11,5
874,720,2023-12-22,login,9,2
875,721,2024-04-23,content,28,5
876,721,2023-10-09,technical,8,1
877,723,2023-11-02,login,10,5
878,724,2024-08-12,refund,19,3
879,724,2024-04-08,technical,10,3
880,725,2023-02-28,login,11,5
881,725,2025-08-23,refund,4,5
882,726,2024-12-06,content,1,2
883,727,2023-03-15,content,13,2
884,728,2023-03-14,billing,40,4
885,728,2024-09-25,refund,27,2
886,728,2025-08-29,technical,1,4
887,729,2025-08-18,technical,12,4
888,729,2025-08-04,login,12,3
889,730,2023-10-02,content,21,5
890,730,2023-10-26,refund,7,5
891,730,2023-09-28,login,20,5
892,733,2024-04-19,billing,7,5
893,733,2024-04-09,login,28,5
894,734,2025-09-25,content,8,2
895,735,2024-08-26,technical,9,4
896,737,2025-08-15,content,11,4
897,743,2024-06-05,refund,23,4
898,743,2023-06-03,billing,24,5
899,744,2024-05-11,billing,33,3
900,745,2023-10-24,content,20,3
901,747,2023-01-17,content,17,5
902,747,2023-07-14,refund,11,1
903,748,2025-06-15,refund,20,2
904,748,2023-02-23,login,10,3
905,748,2023-03-31,login,6,4
906,749,2023-05-19,login,5,3
907,750,2025-05-22,technical,9,4
908,751,2025-07-21,billing,52,4
909,751,2025-10-25,billing,18,4
910,753,2024-06-28,login,10,1
911,753,2024-12-31,refund,39,4
912,753,2023-10-08,refund,1,2
913,754,2025-10-19,content,67,4
914,754,2024-12-24,technical,55,2
915,755,2024-09-21,content,19,2
916,756,2023-10-31,content,8,4
917,756,2023-03-21,content,19,4
918,757,2023-02-09,technical,23,2
919,758,2024-12-20,login,59,3
920,759,2023-01-21,technical,8,1
921,759,2024-05-27,content,19,4
922,763,2025-11-04,refund,20,4
923,765,2025-09-17,technical,12,4
924,767,2023-04-09,content,1,4
925,768,2023-01-27,content,43,3
926,769,2025-03-03,technical,4,4
927,769,2023-10-31,billing,8,4
928,769,2024-07-04,content,6,5
929,769,2025-02-23,content,1,4
930,770,2024-07-06,technical,44,4
931,772,2024-04-24,content,26,4
932,772,2023-10-20,content,15,3
933,772,2023-05-14,billing,39,1
934,772,2025-01-15,login,4,5
935,773,2025-02-15,refund,1,5
936,773,2023-08-08,login,23,2
937,774,2024-05-14,billing,7,3
938,775,2024-08-02,billing,17,4
939,775,2024-01-16,refund,26,3
940,775,2024-07-20,refund,11,4
941,776,2024-09-28,technical,43,4
942,776,2025-03-04,refund,7,4
943,777,2024-04-14,refund,61,4
944,778,2023-05-10,refund,16,3
945,779,2025-09-22,login,79,4
946,780,2023-10-16,content,31,3
947,781,2024-02-07,technical,55,2
948,781,2024-07-21,content,15,3
949,782,2025-04-13,content,11,4
950,784,2025-06-19,content,55,3
951,784,2024-01-28,billing,10,2
952,785,2024-06-01,content,8,3
953,785,2023-02-14,login,29,5
954,787,2023-07-31,billing,5,4
955,788,2025-04-26,content,32,3
956,788,2023-06-21,content,9,3
957,789,2023-04-17,login,29,4
958,790,2023-03-10,login,17,3
959,790,2023-10-16,login,4,2
960,791,2023-01-23,technical,3,2
961,792,2025-02-15,login,1,4
962,792,2023-03-03,billing,7,3
963,792,2024-11-15,technical,5,4
964,793,2023-10-15,content,13,5
965,794,2023-10-07,content,2,4
966,796,2024-07-26,content,2,5
967,797,2025-08-29,refund,24,5
968,797,2024-09-01,login,3,5
969,798,2024-03-22,billing,4,4
970,800,2024-05-27,billing,20,5
971,801,2023-09-21,technical,15,4
972,801,2025-01-05,refund,1,5
973,802,2025-02-07,technical,37,5
974,803,2024-05-11,technical,34,4
975,803,2024-10-11,content,4,4
976,804,2025-06-05,refund,17,3
977,804,2025-08-03,refund,10,5
978,806,2023-12-24,technical,16,3
979,807,2025-02-23,login,16,4
980,808,2023-05-12,refund,25,4
981,809,2023-05-28,content,6,3
982,809,2025-04-29,billing,5,3
983,809,2025-04-26,refund,1,4
984,810,2024-01-20,technical,7,4
985,810,2024-09-27,login,5,5
986,810,2025-04-03,refund,22,2
987,811,2024-10-12,login,18,4
988,811,2023-07-09,login,6,3
989,812,2025-03-07,billing,4,5
990,812,2025-10-10,content,5,2
991,814,2023-04-07,refund,1,4
992,814,2025-02-26,refund,2,5
993,816,2024-07-06,content,14,2
994,818,2024-07-27,login,6,5
995,818,2024-07-29,refund,39,4
996,819,2024-07-22,billing,7,3
997,820,2025-10-07,billing,20,5
998,823,2023-07-05,billing,12,3
999,824,2024-12-03,billing,7,3
1000,825,2025-03-27,content,10,4
1001,825,2024-02-14,billing,5,3
1002,825,2024-04-27,login,63,2
1003,827,2024-11-02,content,17,2
1004,827,2023-09-02,technical,36,1
1005,828,2024-08-24,technical,2,2
1006,829,2024-12-24,technical,5,4
1007,829,2023-12-15,refund,8,4
1008,830,2023-08-21,login,11,1
1009,833,2025-04-12,refund,9,3
1010,833,2024-01-11,content,26,3
1011,833,2025-04-27,login,24,1
1012,834,2025-06-27,refund,72,3
1013,834,2025-03-10,login,1,3
1014,842,2023-08-29,technical,3,3
1015,842,2023-10-30,billing,28,1
1016,843,2024-12-20,login,13,5
1017,843,2023-06-26,content,1,5
1018,843,2025-11-12,technical,51,3
1019,844,2023-08-12,refund,23,4
1020,846,2024-11-08,login,36,4
1021,847,2024-07-12,technical,3,3
1022,847,2025-01-24,login,17,3
1023,847,2023-05-08,content,1,5
1024,847,2023-10-05,login,26,2
1025,847,2023-05-11,billing,14,4
1026,850,2023-10-10,login,64,2
1027,850,2024-02-23,refund,2,3
1028,852,2024-04-14,refund,36,2
1029,853,2024-04-19,login,13,3
1030,853,2023-08-23,refund,21,4
1031,855,2023-06-02,login,25,4
1032,856,2023-03-27,technical,15,2
1033,857,2024-09-05,login,6,5
1034,858,2023-02-07,technical,11,5
1035,858,2025-04-19,content,44,5
1036,859,2023-01-13,content,7,5
1037,859,2023-12-08,refund,4,4
1038,860,2025-02-15,billing,25,5
1039,860,2023-02-23,technical,4,5
1040,860,2023-11-01,content,1,3
1041,861,2024-09-25,content,19,2
1042,861,2024-09-21,login,7,4
1043,862,2023-05-24,content,1,5
1044,862,2025-08-01,content,17,3
1045,863,2024-02-08,refund,1,4
1046,864,2023-05-08,technical,66,4
1047,865,2023-06-23,content,2,4
1048,867,2023-10-05,refund,22,4
1049,867,2024-05-16,content,12,4
1050,868,2024-04-07,login,28,4
1051,868,2023-10-26,login,8,4
1052,869,2024-08-27,technical,23,1
1053,869,2024-05-09,content,13,4
1054,873,2024-02-03,technical,83,3
1055,873,2023-09-26,refund,14,5
1056,873,2024-12-09,login,102,3
1057,874,2025-02-02,refund,29,4
1058,874,2024-04-18,content,3,4
1059,874,2024-09-11,login,4,2
1060,877,2023-05-01,billing,2,2
1061,878,2023-03-24,technical,9,3
1062,878,2024-08-10,billing,10,5
1063,879,2025-09-15,content,12,4
1064,880,2025-01-14,technical,29,5
1065,881,2025-07-03,billing,44,4
1066,881,2023-04-01,billing,14,4
1067,881,2023-09-24,content,8,5
1068,882,2024-07-01,content,1,3
1069,882,2024-03-14,technical,15,1
1070,883,2024-08-23,refund,31,5
1071,884,2025-06-12,refund,3,4
1072,885,2023-05-27,login,27,4
1073,885,2024-11-24,login,42,3
1074,886,2023-07-30,content,16,5
1075,889,2024-05-26,content,6,3
1076,889,2025-05-24,login,8,4
1077,889,2024-07-19,billing,2,5
1078,891,2024-09-23,refund,12,4
1079,891,2025-11-11,refund,15,4
1080,893,2024-05-12,login,12,2
1081,894,2023-12-01,billing,13,4
1082,895,2024-02-10,refund,1,4
1083,896,2023-08-06,login,32,2
1084,897,2023-03-29,content,13,4
1085,897,2023-10-06,refund,5,5
1086,897,2025-08-06,billing,11,5
1087,898,2025-09-12,login,105,3
1088,898,2024-08-18,billing,3,4
1089,900,2024-02-21,refund,23,5
1090,901,2023-10-02,technical,1,4
1091,901,2024-06-03,billing,51,4
1092,901,2023-02-04,login,3,4
1093,901,2023-06-10,content,59,3
1094,903,2025-03-26,billing,7,2
1095,903,2025-05-20,refund,6,2
1096,904,2023-07-06,billing,27,2
1097,904,2025-05-14,content,4,5
1098,904,2023-10-21,technical,9,3
1099,904,2025-04-09,billing,1,5
1100,905,2023-07-24,billing,50,1
1101,907,2025-08-16,login,13,2
1102,908,2023-03-21,refund,25,5
1103,908,2023-07-19,content,12,4
1104,909,2025-09-30,technical,7,2
1105,910,2023-11-06,technical,3,4
1106,911,2023-03-03,login,13,5
1107,911,2024-09-20,billing,18,3
1108,912,2025-09-15,refund,3,2
1109,914,2024-02-07,refund,69,4
1110,916,2024-12-29,content,14,3
1111,917,2023-08-10,login,22,1
1112,918,2024-04-18,content,5,3
1113,918,2024-08-15,login,16,4
1114,919,2023-08-21,content,8,4
1115,920,2023-10-10,login,10,3
1116,920,2025-11-03,billing,1,5
1117,920,2025-07-13,content,3,4
1118,922,2025-06-20,login,1,5
1119,924,2025-04-02,refund,14,4
1120,924,2023-12-29,refund,11,3
1121,927,2025-03-18,login,9,4
1122,927,2025-08-13,login,1,5
1123,929,2023-12-31,login,5,3
1124,930,2024-03-12,refund,2,4
1125,931,2023-04-17,content,30,1
1126,932,2025-06-01,billing,6,4
1127,932,2024-08-28,technical,2,4
1128,933,2023-02-04,refund,18,5
1129,934,2023-10-04,technical,12,4
1130,936,2023-01-30,technical,1,5
1131,937,2023-01-14,login,9,4
1132,937,2024-05-17,login,4,4
1133,937,2025-01-12,login,17,4
1134,937,2024-12-09,technical,10,3
1135,940,2023-11-08,technical,6,4
1136,941,2024-03-31,technical,42,4
1137,941,2023-11-07,billing,10,2
1138,941,2025-07-10,content,17,1
1139,943,2023-12-05,login,13,5
1140,944,2023-09-25,billing,2,3
1141,946,2023-04-01,billing,24,4
1142,946,2024-03-03,refund,2,3
1143,947,2024-11-08,login,1,3
1144,947,2024-03-15,technical,4,4
1145,947,2025-10-09,technical,37,4
1146,947,2024-07-16,billing,28,4
1147,947,2025-06-22,content,14,3
1148,947,2025-02-06,refund,2,1
1149,949,2025-01-10,technical,17,4
1150,950,2025-02-01,content,85,5
1151,951,2023-08-25,billing,47,4
1152,953,2024-06-21,billing,3,5
1153,954,2025-10-28,refund,2,4
1154,954,2023-04-30,login,9,5
1155,956,2025-09-17,login,108,4
1156,957,2025-03-29,technical,12,4
1157,957,2023-12-01,refund,12,5
1158,959,2025-10-30,billing,1,4
1159,960,2025-10-20,technical,18,3
1160,960,2024-03-10,technical,2,1
1161,960,2024-11-30,login,12,5
1162,963,2025-10-16,content,2,4
1163,963,2024-09-16,login,16,4
1164,965,2024-01-21,refund,19,1
1165,965,2025-08-06,technical,3,5
1166,965,2024-03-14,billing,8,5
1167,966,2024-05-29,refund,30,4
1168,966,2025-06-11,billing,5,3
1169,966,2025-06-10,refund,3,3
1170,968,2024-11-12,login,15,3
1171,969,2025-07-13,refund,123,4
1172,971,2023-01-29,login,3,5
1173,972,2024-01-18,billing,75,2
1174,972,2023-10-14,login,12,1
1175,972,2025-04-05,technical,4,5
1176,973,2024-11-27,technical,6,3
1177,974,2025-01-20,technical,3,4
1178,976,2023-02-06,billing,30,2
1179,977,2025-01-04,refund,3,5
1180,977,2025-05-15,login,3,5
1181,978,2024-09-20,billing,2,4
1182,978,2025-09-27,login,17,5
1183,980,2023-03-12,content,18,3
1184,981,2024-02-07,billing,2,2
1185,981,2023-05-31,content,86,4
1186,985,2024-01-05,refund,29,4
1187,986,2023-05-06,refund,9,4
1188,986,2023-10-12,billing,16,4
1189,986,2023-10-28,refund,21,4
1190,986,2023-10-10,billing,27,1
1191,988,2023-03-17,login,26,4
1192,988,2024-04-08,content,2,4
1193,988,2024-03-02,refund,1,5
1194,989,2024-01-13,content,3,4
1195,990,2024-01-22,refund,1,4
1196,990,2024-04-30,billing,26,3
1197,991,2025-03-05,content,6,2
1198,992,2024-09-08,login,15,1
1199,992,2025-05-08,billing,3,5
1200,992,2024-10-05,refund,8,4
1201,992,2023-05-20,billing,12,3
1202,993,2024-12-20,content,17,5
1203,993,2024-05-07,refund,1,3
1204,993,2023-03-16,refund,11,5
1205,993,2025-05-05,content,1,5
1206,996,2025-05-29,refund,7,4
1207,996,2024-04-17,content,11,3
1208,997,2023-12-12,login,24,5
1209,997,2025-04-06,technical,61,5
1210,997,2025-10-05,billing,14,5
1211,998,2025-01-13,login,11,5
1212,998,2023-06-14,refund,6,2
1213,999,2025-10-27,content,4,1
1214,1002,2025-03-13,refund,11,4
1215,1003,2023-05-25,refund,5,5
1216,1004,2023-04-12,refund,6,5
1217,1004,2025-05-31,login,43,4
1218,1004,2023-09-20,login,12,2
1219,1005,2025-11-09,refund,21,1
1220,1006,2023-04-20,login,1,3
1221,1006,2023-10-21,refund,27,4
1222,1008,2023-05-12,content,14,4
1223,1010,2025-02-02,billing,17,1
1224,1011,2023-07-09,technical,40,2
1225,1013,2023-10-18,refund,25,4
1226,1015,2024-05-10,billing,5,2
1227,1015,2024-06-06,billing,10,1
1228,1015,2024-08-31,technical,1,5
1229,1015,2024-12-25,content,4,4
1230,1018,2024-04-05,login,15,3
1231,1018,2024-10-21,billing,26,1
1232,1019,2025-10-20,billing,25,5
1233,1019,2025-07-22,technical,1,4
1234,1020,2025-08-15,billing,18,4
1235,1020,2023-08-21,billing,39,3
1236,1021,2023-04-08,technical,17,4
1237,1022,2023-06-03,refund,1,5
1238,1022,2025-11-01,content,34,4
1239,1023,2023-12-01,billing,1,4
1240,1023,2024-02-27,refund,8,3
1241,1025,2023-12-26,refund,20,2
1242,1026,2025-09-29,refund,58,4
1243,1027,2024-06-12,content,20,5
1244,1028,2024-01-16,billing,10,3
1245,1028,2025-01-31,billing,7,5
1246,1029,2024-09-13,billing,36,5
1247,1029,2024-11-01,content,2,4
1248,1029,2025-06-07,billing,27,4
1249,1031,2024-03-26,billing,6,1
1250,1031,2023-09-10,technical,1,4
1251,1033,2024-03-07,login,5,5
1252,1033,2023-11-13,refund,6,1
1253,1033,2024-04-28,billing,1,4
1254,1035,2024-01-30,refund,17,5
1255,1036,2023-09-12,content,34,2
1256,1037,2025-02-09,refund,55,5
1257,1037,2023-03-11,content,10,3
1258,1037,2024-09-26,technical,4,3
1259,1038,2023-02-08,technical,19,1
1260,1038,2025-04-18,login,9,4
1261,1039,2024-08-14,login,1,4
1262,1040,2025-09-14,billing,3,4
1263,1040,2025-10-04,login,21,1
1264,1040,2025-04-11,refund,10,3
1265,1040,2025-06-10,login,121,5
1266,1043,2024-11-29,refund,1,4
1267,1043,2025-05-23,billing,14,5
1268,1044,2024-06-30,content,1,3
1269,1046,2024-09-25,content,1,4
1270,1046,2025-09-10,login,32,3
1271,1047,2024-02-20,login,6,1
1272,1047,2024-06-07,login,14,5
1273,1047,2024-01-06,login,9,5
1274,1047,2025-11-15,technical,65,4
1275,1048,2025-08-12,billing,22,5
1276,1048,2023-07-01,content,15,3
1277,1049,2025-09-16,technical,13,5
1278,1050,2023-11-09,login,5,3
1279,1051,2025-11-11,login,10,4
1280,1052,2024-05-18,refund,5,3
1281,1052,2025-08-26,refund,15,4
1282,1053,2024-07-05,technical,6,5
1283,1054,2025-11-03,login,53,5
1284,1055,2024-04-24,login,4,4
1285,1055,2024-04-19,login,29,5
1286,1059,2025-06-12,login,7,3
1287,1060,2025-01-31,refund,26,4
1288,1061,2025-01-03,login,32,5
1289,1062,2024-04-24,refund,1,1
1290,1062,2023-07-02,billing,6,4
1291,1063,2024-10-30,refund,9,1
1292,1065,2023-02-02,content,1,5
1293,1066,2023-10-10,content,24,2
1294,1067,2023-09-28,content,12,2
1295,1068,2023-11-03,technical,16,3
1296,1068,2025-09-07,refund,20,2
1297,1069,2024-12-22,billing,3,5
1298,1070,2025-05-09,content,4,1
1299,1070,2023-10-12,technical,1,5
1300,1072,2024-12-01,login,25,2
1301,1074,2025-05-29,login,6,5
1302,1074,2025-05-17,billing,35,5
1303,1076,2025-03-03,billing,1,4
1304,1077,2024-03-29,billing,50,4
1305,1077,2023-03-18,billing,4,4
1306,1079,2024-07-06,billing,1,3
1307,1079,2024-11-07,refund,26,5
1308,1079,2024-12-12,billing,13,4
1309,1080,2023-10-19,technical,17,5
1310,1080,2024-09-18,billing,36,4
1311,1081,2023-12-11,login,17,4
1312,1083,2024-09-08,technical,6,4
1313,1084,2024-04-21,login,17,5
1314,1084,2024-05-13,billing,1,3
1315,1086,2025-07-25,refund,6,5
1316,1087,2024-07-08,login,7,4
1317,1088,2025-02-19,refund,33,3
1318,1088,2025-06-11,login,14,5
1319,1089,2025-11-04,content,38,2
1320,1089,2023-03-07,content,4,5
1321,1089,2025-04-30,refund,25,4
1322,1090,2025-07-22,technical,2,4
1323,1090,2023-11-16,billing,9,3
1324,1091,2025-05-09,technical,38,3
1325,1091,2024-11-20,billing,19,2
1326,1092,2023-09-30,content,49,4
1327,1094,2023-04-24,content,21,2
1328,1094,2023-02-10,login,3,3
1329,1095,2025-01-07,content,6,4
1330,1096,2025-09-16,refund,9,3
1331,1097,2024-04-24,login,3,4
1332,1097,2024-02-09,technical,25,2
1333,1099,2025-08-09,login,35,4
1334,1099,2024-08-22,login,29,3
1335,1100,2024-09-20,billing,12,4
1336,1100,2024-09-29,technical,15,2
1337,1101,2023-11-09,login,28,3
1338,1102,2023-05-14,login,4,4
1339,1103,2024-06-02,billing,14,4
1340,1104,2024-01-19,refund,11,3
1341,1105,2025-10-18,refund,67,5
1342,1105,2023-03-26,billing,35,5
1343,1105,2023-04-28,billing,15,4
1344,1106,2023-10-03,content,9,5
1345,1106,2024-10-13,refund,12,5
1346,1111,2025-09-06,content,37,5
1347,1112,2024-01-17,login,1,5
1348,1113,2024-05-23,login,20,4
1349,1114,2023-09-20,technical,2,4
1350,1114,2025-07-10,content,22,3
1351,1115,2025-01-13,billing,15,1
1352,1115,2025-10-27,refund,37,2
1353,1116,2024-10-15,refund,4,1
1354,1116,2023-03-26,content,3,5
1355,1117,2023-03-16,technical,23,4
1356,1118,2025-02-18,billing,139,4
1357,1118,2024-10-09,content,19,4
1358,1118,2024-03-16,content,1,3
1359,1120,2024-01-24,content,14,4
1360,1120,2025-09-21,technical,39,5
1361,1121,2024-01-24,billing,14,4
1362,1121,2023-08-24,billing,4,4
1363,1121,2024-06-29,billing,16,4
1364,1122,2023-12-19,content,25,3
1365,1122,2025-08-04,content,1,5
1366,1123,2025-09-28,technical,10,5
1367,1124,2024-11-04,content,3,4
1368,1125,2025-06-01,login,5,5
1369,1129,2023-05-16,refund,5,4
1370,1130,2023-04-16,refund,11,5
1371,1130,2023-07-31,login,1,5
1372,1131,2024-01-25,login,1,5
1373,1133,2024-06-27,technical,19,2
1374,1133,2023-11-16,billing,45,4
1375,1137,2024-07-18,technical,11,4
1376,1143,2025-04-08,login,1,4
1377,1144,2023-06-02,login,60,3
1378,1145,2024-11-30,login,1,3
1379,1145,2023-08-03,content,19,3
1380,1147,2025-01-30,content,17,1
1381,1148,2024-05-08,billing,7,5
1382,1149,2025-08-23,billing,10,4
1383,1149,2025-01-09,billing,6,5
1384,1149,2025-04-06,content,2,4
1385,1150,2023-07-11,refund,19,4
1386,1151,2025-09-23,technical,27,4
1387,1151,2024-01-29,technical,2,4
1388,1152,2023-01-11,content,17,1
1389,1153,2024-06-17,billing,31,5
1390,1153,2024-01-16,billing,1,5
1391,1153,2024-04-12,content,44,5
1392,1153,2024-01-12,refund,11,3
1393,1153,2023-06-18,refund,3,1
1394,1153,2025-10-14,content,23,4
1395,1156,2023-04-10,login,1,2
1396,1157,2023-11-18,content,5,4
1397,1157,2025-05-24,login,20,3
1398,1157,2024-10-01,technical,3,3
1399,1158,2023-12-09,refund,45,4
1400,1158,2023-01-13,refund,5,4
1401,1159,2023-10-28,billing,27,4
1402,1160,2023-06-09,refund,1,5
1403,1161,2023-05-06,refund,7,2
1404,1161,2025-05-27,refund,25,4
1405,1162,2024-09-09,billing,22,5
1406,1162,2025-04-08,content,2,3
1407,1164,2025-06-07,refund,20,4
1408,1164,2025-02-20,billing,34,5
1409,1164,2024-11-22,technical,2,4
1410,1165,2025-03-08,billing,2,4
1411,1165,2023-07-02,refund,42,4
1412,1166,2023-09-05,technical,5,3
1413,1168,2025-05-02,refund,14,4
1414,1168,2023-09-04,content,34,4
1415,1169,2024-11-06,content,8,3
1416,1171,2024-06-10,technical,15,5
1417,1172,2024-12-21,billing,2,3
1418,1172,2025-10-27,login,17,1
1419,1173,2024-06-05,login,1,1
1420,1173,2025-03-27,content,2,4
1421,1175,2024-10-15,billing,1,4
1422,1175,2023-08-25,refund,2,5
1423,1176,2024-01-03,technical,8,4
1424,1177,2025-04-13,login,12,3
1425,1178,2025-10-16,technical,1,5
1426,1179,2025-04-22,refund,12,3
1427,1179,2025-06-16,technical,1,5
1428,1180,2023-02-11,technical,14,3
1429,1180,2024-07-23,billing,13,5
1430,1181,2024-10-13,technical,6,4
1431,1182,2024-01-08,refund,3,4
1432,1182,2025-07-28,technical,9,3
1433,1182,2025-10-10,refund,77,5
1434,1182,2023-02-19,billing,14,5
1435,1183,2024-02-19,login,2,4
1436,1184,2024-02-01,login,6,5
1437,1186,2025-10-09,billing,6,3
1438,1186,2024-06-17,billing,5,4
1439,1186,2024-12-22,login,7,3
1440,1187,2025-04-09,content,7,5
1441,1189,2024-06-21,billing,3,2
1442,1192,2023-06-12,billing,46,1
1443,1194,2023-12-23,login,4,5
1444,1195,2023-11-26,technical,4,4
1445,1195,2025-04-20,content,4,5
1446,1196,2024-02-06,content,6,4
1447,1197,2024-01-01,technical,2,5
1448,1197,2025-05-12,technical,32,5
1449,1199,2024-05-30,content,1,5
1450,1199,2024-08-07,billing,1,3
